{"data_time": 0.09488034248352051, "time": 0.8762319087982178}